County,Precinct,Freddie Dickson,Donna Edwards,Ralph Jaffe,Theresa Scaldaferri,Charles Smith,Violet Staley,Blaine Taylor,Ed Tinus,Chris Van Hollen,Lih Young
Alegany,100,1,12,0,3,2,0,1,1,29,0
Alegany,200,2,14,1,0,2,3,3,1,24,1
Alegany,300,3,12,0,1,3,2,1,2,21,1
Alegany,402,2,13,1,3,3,6,4,1,28,4
Alegany,403,3,36,2,4,6,2,3,0,75,2
Alegany,404,7,46,3,1,2,4,5,1,101,3
Alegany,405,1,25,1,0,1,2,0,1,43,2
Alegany,408,9,50,3,3,4,3,4,1,77,2
Alegany,504,5,34,3,3,2,0,3,3,77,3
Alegany,506,3,16,1,0,1,2,4,1,27,0
Alegany,601,2,56,1,3,3,4,4,0,104,4
Alegany,603,3,28,1,4,3,4,2,0,38,2
Alegany,605,4,45,1,5,1,3,3,1,87,4
Alegany,606,2,38,4,3,9,1,5,1,62,0
Alegany,701,5,48,3,4,3,1,9,0,96,6
Alegany,702,3,43,2,3,5,2,3,1,92,1
Alegany,800,9,54,2,6,4,6,10,0,89,6
Alegany,900,4,21,1,1,1,0,4,1,16,0
Alegany,1000,2,21,1,3,1,1,2,0,38,0
Alegany,1100,4,31,1,6,1,3,3,2,71,3
Alegany,1200,13,74,5,4,2,6,6,2,127,1
Alegany,1300,7,37,2,2,4,5,8,0,59,5
Alegany,1400,3,10,0,4,0,4,0,0,32,0
Alegany,1600,3,35,1,1,7,2,2,1,62,3
Alegany,1800,4,27,3,1,3,2,1,1,50,1
Alegany,2000,4,22,5,3,4,0,6,1,55,4
Alegany,2100,2,20,2,2,2,1,2,2,51,0
Alegany,2201,7,41,2,2,3,3,4,3,80,3
Alegany,2202,0,4,0,1,0,0,0,0,2,0
Alegany,2300,7,70,3,8,6,7,8,2,128,5
Alegany,2400,4,30,0,4,2,1,3,0,58,3
Alegany,2600,10,78,4,8,4,11,7,1,126,5
Alegany,2901,11,52,5,5,4,7,6,1,116,4
Alegany,2902,6,46,2,6,7,1,2,1,124,2
Alegany,2903,5,41,2,2,1,0,2,2,95,1
Alegany,3100,7,29,2,1,0,0,1,1,41,1
Alegany,3400,5,39,2,4,4,1,8,3,97,3
Alegany,6001,0,0,0,0,0,0,0,0,0,0
Alegany,7000,0,0,0,0,0,0,0,0,0,0
Alegany,7500,0,0,0,0,0,0,0,0,0,0
Alegany,8000,0,0,0,0,0,0,0,0,0,0
Caroline,101,2,29,3,4,2,1,3,4,51,1
Caroline,201,3,77,7,10,7,8,5,2,146,2
Caroline,301,9,141,8,17,6,8,3,1,164,7
Caroline,401,2,103,5,6,3,5,0,1,100,2
Caroline,501,16,95,4,6,11,9,1,1,99,0
Caroline,601,3,35,2,4,1,0,5,1,71,3
Caroline,701,9,89,3,13,5,6,4,1,119,3
Caroline,801,4,25,2,4,0,3,1,1,49,2
Caroline,6001,0,0,0,0,0,0,0,0,0,0
Caroline,7000,0,0,0,0,0,0,0,0,0,0
Caroline,7500,0,0,0,0,0,0,0,0,0,0
Caroline,8000,0,0,0,0,0,0,0,0,0,0
Carroll,101,7,94,4,6,8,16,9,2,330,4
Carroll,201,2,22,0,4,2,6,0,0,81,0
Carroll,202,2,25,1,4,1,8,1,1,96,2
Carroll,301,9,63,6,11,1,6,3,2,194,4
Carroll,401,12,114,6,10,2,10,4,6,424,4
Carroll,402,3,31,1,2,4,6,3,2,160,6
Carroll,403,5,75,3,8,2,7,1,1,296,5
Carroll,501,0,69,4,1,2,7,1,2,271,5
Carroll,502,4,93,8,10,5,9,3,2,420,6
Carroll,503,2,64,7,8,2,5,2,1,236,5
Carroll,504,11,167,7,19,4,12,4,2,627,9
Carroll,505,1,57,2,11,1,6,2,0,195,3
Carroll,506,0,19,1,1,0,1,2,1,69,0
Carroll,601,3,74,5,10,4,13,3,2,248,5
Carroll,602,5,88,6,17,0,8,4,3,276,6
Carroll,701,3,24,0,4,0,1,1,0,85,1
Carroll,702,2,44,5,4,2,6,3,5,198,6
Carroll,703,3,58,4,6,4,7,8,1,188,6
Carroll,704,8,106,3,11,3,10,5,3,376,10
Carroll,705,4,16,1,2,2,0,0,1,114,2
Carroll,706,2,34,2,3,1,4,1,1,178,4
Carroll,707,14,104,5,10,1,9,5,1,376,8
Carroll,708,3,24,0,2,0,1,1,0,113,1
Carroll,801,6,54,3,14,3,6,4,3,285,5
Carroll,802,8,50,4,8,3,5,0,4,211,5
Carroll,803,2,46,6,4,4,4,2,2,161,4
Carroll,901,3,59,7,9,5,4,4,0,241,1
Carroll,902,2,16,2,0,1,2,0,0,124,2
Carroll,1001,1,10,1,3,2,1,0,2,35,1
Carroll,1101,2,40,2,3,4,3,1,1,149,3
Carroll,1201,2,20,0,0,2,3,2,0,69,2
Carroll,1301,3,114,7,11,9,15,8,1,558,4
Carroll,1401,4,56,0,10,1,5,1,3,238,1
Carroll,1402,11,89,4,4,5,12,7,5,386,2
Carroll,1403,0,7,0,0,1,1,0,0,55,2
Carroll,6001,0,0,0,0,0,0,0,0,0,0
Carroll,7000,0,0,0,0,0,0,0,0,0,0
Carroll,7500,0,0,0,0,0,0,0,0,0,0
Carroll,8000,0,0,0,0,0,0,0,0,0,0
Cecil,101,9,65,10,8,6,6,10,2,184,8
Cecil,201,6,63,3,5,2,3,5,0,107,8
Cecil,202,8,48,9,8,6,5,3,3,71,7
Cecil,301,19,149,13,22,13,13,3,1,162,2
Cecil,302,2,24,2,3,4,4,2,1,49,1
Cecil,303,15,106,9,8,11,13,2,1,106,7
Cecil,304,1,8,3,0,2,0,1,0,12,0
Cecil,305,4,32,1,7,1,4,3,2,33,3
Cecil,306,3,40,5,5,3,5,4,0,76,0
Cecil,307,9,87,6,11,6,6,5,2,76,2
Cecil,401,7,145,5,15,2,10,7,2,192,4
Cecil,402,4,80,1,18,4,10,5,0,66,3
Cecil,501,7,56,9,8,1,9,2,1,108,5
Cecil,502,8,52,11,6,3,5,5,1,110,2
Cecil,503,14,77,12,15,5,10,2,1,201,10
Cecil,504,3,48,4,9,4,9,4,3,89,3
Cecil,505,8,88,12,9,7,8,4,5,141,5
Cecil,506,1,12,3,3,0,0,0,0,30,3
Cecil,601,11,57,10,14,9,11,7,3,184,3
Cecil,602,9,54,9,6,4,7,1,1,159,8
Cecil,603,2,13,2,3,0,1,0,1,31,1
Cecil,701,6,56,4,10,7,5,1,5,156,7
Cecil,702,4,124,8,8,2,15,0,1,226,6
Cecil,703,0,23,2,4,0,1,2,2,41,0
Cecil,704,2,7,1,3,0,0,2,0,24,0
Cecil,801,5,40,6,7,4,2,3,3,121,4
Cecil,901,5,25,2,5,5,2,1,0,86,2
Cecil,902,2,36,6,8,1,6,2,0,58,2
Cecil,6001,0,0,0,0,0,0,0,0,0,0
Cecil,7000,0,0,0,0,0,0,0,0,0,0
Cecil,7500,0,0,0,0,0,0,0,0,0,0
Cecil,8000,0,0,0,0,0,0,0,0,0,0
Charles,101,9,186,2,11,11,5,3,6,167,3
Charles,102,5,96,4,8,5,0,2,0,170,3
Charles,103,8,130,2,12,6,8,4,2,159,6
Charles,104,6,78,4,2,6,1,4,1,134,0
Charles,201,5,51,2,1,3,2,5,3,79,2
Charles,301,7,112,2,6,8,4,3,0,123,3
Charles,401,7,82,6,5,4,3,4,1,122,2
Charles,402,3,36,9,2,2,1,1,3,65,1
Charles,501,15,116,5,6,7,3,9,4,173,6
Charles,601,8,116,3,8,5,6,3,1,177,3
Charles,602,15,366,2,8,6,6,3,0,255,7
Charles,603,15,319,5,8,11,8,5,0,134,3
Charles,604,27,454,8,6,6,9,3,0,206,7
Charles,605,23,418,2,15,7,10,2,2,179,5
Charles,606,16,309,4,7,14,11,7,3,199,3
Charles,607,22,298,5,15,8,6,3,1,157,11
Charles,608,16,195,4,9,7,7,4,2,116,2
Charles,609,12,214,7,5,6,8,1,1,221,3
Charles,610,15,518,4,6,11,7,7,4,204,6
Charles,611,15,281,1,6,4,7,2,3,136,3
Charles,612,9,147,1,5,2,2,6,1,89,0
Charles,613,13,410,13,4,7,11,9,1,232,4
Charles,614,12,434,4,8,11,6,4,1,291,4
Charles,615,18,294,6,5,10,6,4,1,126,5
Charles,616,14,207,6,5,3,2,4,1,112,3
Charles,617,7,149,1,4,4,4,2,0,96,5
Charles,618,24,510,7,9,10,8,2,0,178,4
Charles,619,9,278,1,12,7,11,0,0,137,7
Charles,620,6,123,3,6,4,1,1,1,103,2
Charles,621,10,204,2,8,6,4,6,0,103,5
Charles,622,10,207,2,11,2,5,3,0,113,3
Charles,701,6,52,0,2,3,2,1,0,68,1
Charles,702,15,271,6,8,13,7,5,1,153,4
Charles,703,16,350,7,7,4,5,10,3,227,6
Charles,704,9,344,3,5,9,8,6,0,161,2
Charles,801,9,171,6,7,8,10,4,1,223,3
Charles,802,13,193,2,11,9,2,5,0,177,6
Charles,803,7,164,4,3,2,3,6,1,143,2
Charles,804,5,226,7,10,9,4,3,1,219,5
Charles,805,0,15,1,1,3,1,0,0,23,1
Charles,901,12,202,3,7,3,3,3,1,154,4
Charles,902,10,117,4,5,6,7,3,0,143,4
Charles,1001,8,233,5,7,8,5,5,3,160,11
Charles,6001,0,0,0,0,0,0,0,0,0,0
Charles,6002,0,0,0,0,0,0,0,0,0,0
Charles,7000,0,0,0,0,0,0,0,0,0,0
Charles,7500,0,0,0,0,0,0,0,0,0,0
Charles,8000,0,0,0,0,0,0,0,0,0,0
Frederick,101,3,89,3,12,9,8,6,2,222,3
Frederick,102,14,139,6,16,9,16,12,2,220,11
Frederick,103,5,74,4,7,5,8,4,1,142,6
Frederick,201,14,174,8,13,12,11,13,1,213,10
Frederick,202,3,57,2,7,8,2,1,1,94,3
Frederick,203,7,136,7,9,12,17,7,2,339,4
Frederick,204,25,198,8,20,16,24,17,1,263,13
Frederick,205,10,167,8,16,13,16,9,3,562,10
Frederick,206,13,130,7,12,11,8,8,3,212,5
Frederick,207,14,164,3,19,13,13,11,5,300,10
Frederick,208,13,180,7,17,8,16,7,2,244,12
Frederick,210,13,164,7,24,18,10,8,3,314,16
Frederick,211,9,108,2,13,16,12,5,1,184,9
Frederick,213,12,139,5,7,12,14,3,3,193,9
Frederick,214,3,62,10,9,2,3,4,1,135,2
Frederick,215,1,112,4,9,8,4,6,2,332,6
Frederick,216,6,106,2,14,7,9,5,1,150,9
Frederick,217,19,112,2,12,12,9,6,2,107,11
Frederick,218,5,66,4,11,3,7,6,1,120,5
Frederick,301,2,46,4,5,12,2,5,3,158,3
Frederick,302,2,78,4,7,19,5,3,0,313,7
Frederick,303,3,47,4,3,13,13,0,0,179,4
Frederick,401,1,16,1,2,8,0,0,1,35,1
Frederick,501,8,62,4,9,12,6,7,2,244,4
Frederick,601,2,20,3,4,5,1,2,1,108,0
Frederick,701,6,55,1,7,4,9,4,1,163,0
Frederick,702,12,144,10,10,14,16,7,2,315,16
Frederick,703,6,55,4,7,6,5,2,1,185,3
Frederick,704,4,70,1,4,4,4,3,0,167,3
Frederick,705,0,3,0,1,0,0,0,0,5,0
Frederick,706,0,1,0,0,0,0,0,0,0,0
Frederick,707,0,3,0,1,2,0,2,0,23,0
Frederick,801,4,24,3,3,8,3,4,4,130,1
Frederick,901,10,67,6,10,6,7,2,0,221,4
Frederick,902,4,70,8,5,8,9,5,3,247,9
Frederick,903,2,19,0,2,1,2,3,0,34,1
Frederick,904,4,43,5,8,6,7,6,1,236,5
Frederick,905,0,20,2,3,7,4,3,1,120,1
Frederick,906,14,81,2,11,6,17,6,1,242,4
Frederick,907,10,96,5,10,11,12,4,4,330,5
Frederick,908,0,35,2,8,4,3,2,2,128,3
Frederick,909,0,24,2,1,1,2,1,0,52,2
Frederick,1001,2,10,2,1,9,6,1,1,67,2
Frederick,1101,2,30,2,3,8,6,2,2,150,3
Frederick,1201,0,66,5,10,15,6,3,0,197,6
Frederick,1202,0,0,0,0,1,0,0,0,0,0
Frederick,1301,6,90,6,17,9,11,8,1,381,7
Frederick,1302,0,0,0,0,1,0,0,1,8,0
Frederick,1303,1,8,0,2,0,0,1,0,24,0
Frederick,1401,4,74,5,8,23,13,4,2,268,4
Frederick,1402,0,6,1,1,2,1,1,0,42,2
Frederick,1501,0,36,5,8,9,5,5,0,139,1
Frederick,1502,3,56,7,11,16,5,13,2,161,2
Frederick,1601,9,70,4,9,18,4,5,2,245,3
Frederick,1701,4,22,2,2,7,1,2,0,93,2
Frederick,1801,3,62,6,6,3,9,2,1,260,2
Frederick,1802,7,38,2,6,1,6,7,5,144,1
Frederick,1803,4,24,0,1,2,3,2,2,121,0
Frederick,1901,1,20,1,1,4,1,1,0,86,1
Frederick,2001,3,31,5,4,10,3,5,1,141,4
Frederick,2101,1,24,3,2,9,5,2,0,143,2
Frederick,2102,6,72,0,6,6,12,5,1,169,3
Frederick,2103,2,32,3,3,3,5,1,1,132,3
Frederick,2104,5,92,4,11,5,11,6,1,190,3
Frederick,2107,2,15,1,0,3,1,0,0,61,0
Frederick,2108,0,0,0,0,0,0,0,0,0,1
Frederick,2201,3,20,1,1,4,1,2,0,131,2
Frederick,2202,0,0,0,0,0,0,0,0,0,0
Frederick,2301,19,168,9,18,16,14,8,3,327,12
Frederick,2302,1,0,1,0,0,0,0,0,5,0
Frederick,2401,3,38,2,2,8,6,7,2,198,7
Frederick,2402,2,18,0,1,4,4,1,0,95,3
Frederick,2403,0,21,1,0,1,2,1,1,81,1
Frederick,2404,0,0,0,0,0,0,0,0,0,0
Frederick,2405,3,38,4,4,4,3,1,0,74,3
Frederick,2406,0,0,0,0,0,0,0,0,1,0
Frederick,2501,3,105,8,9,20,12,10,2,221,8
Frederick,2601,5,97,8,12,17,11,6,0,326,5
Frederick,2602,4,73,6,8,14,6,7,1,241,3
Frederick,6001,28,619,17,45,50,42,23,12,1960,30
Frederick,6002,2,54,4,7,14,6,4,1,288,2
Frederick,6003,10,183,6,13,8,21,10,2,702,6
Frederick,7000,19,263,5,23,21,29,6,7,491,15
Frederick,7500,8,98,2,16,8,21,8,3,117,8
Frederick,8000,17,202,6,14,9,26,7,3,359,12
Garrett,100,4,37,5,5,1,6,1,2,34,0
Garrett,200,7,32,1,3,3,5,5,2,26,4
Garrett,301,8,45,3,4,2,5,3,0,32,3
Garrett,302,3,18,0,1,2,3,1,0,13,0
Garrett,400,2,9,0,1,2,3,3,0,14,2
Garrett,500,5,35,1,7,9,2,3,0,36,4
Garrett,600,3,45,6,7,3,4,0,4,48,3
Garrett,700,8,26,2,5,3,4,4,1,32,3
Garrett,801,5,12,1,3,3,0,5,0,6,1
Garrett,802,1,6,1,3,0,1,3,0,8,1
Garrett,900,2,19,3,4,2,3,3,1,39,2
Garrett,1000,6,25,5,3,8,4,2,2,23,0
Garrett,1100,0,4,0,0,0,0,0,0,2,0
Garrett,1200,1,10,2,2,1,1,1,0,10,0
Garrett,1300,6,22,2,6,2,1,2,1,6,1
Garrett,1401,7,31,2,4,6,5,2,0,37,1
Garrett,1402,3,17,1,0,3,2,0,1,10,0
Garrett,1500,1,9,0,1,0,0,1,0,18,0
Garrett,1600,10,41,7,4,8,6,6,2,26,4
Garrett,6001,0,0,0,0,0,0,0,0,0,0
Garrett,6002,0,0,0,0,0,0,0,0,0,0
Garrett,7000,0,0,0,0,0,0,0,0,0,0
Garrett,7500,0,0,0,0,0,0,0,0,0,0
Garrett,8000,0,0,0,0,0,0,0,0,0,0
Harford,101,17,244,3,11,9,7,2,1,135,11
Harford,102,4,109,1,7,3,3,1,2,147,1
Harford,103,8,86,2,5,4,4,5,3,94,3
Harford,104,9,146,9,8,0,8,2,0,205,3
Harford,105,3,143,3,3,1,3,7,2,123,4
Harford,106,11,174,6,10,7,11,6,3,103,2
Harford,107,2,38,0,2,1,1,5,0,109,0
Harford,108,5,117,5,8,5,11,5,1,209,9
Harford,109,5,87,5,2,3,7,4,1,149,4
Harford,110,10,234,8,11,6,9,5,1,205,6
Harford,111,4,70,6,11,2,5,4,1,218,5
Harford,112,8,94,1,2,4,1,2,0,195,6
Harford,113,1,54,0,2,0,3,1,0,63,4
Harford,114,6,93,6,6,4,12,2,1,265,5
Harford,115,12,124,1,11,2,8,4,0,167,3
Harford,116,4,209,5,1,4,6,5,0,187,6
Harford,117,0,17,2,2,0,3,2,1,30,0
Harford,118,6,106,5,6,0,2,0,0,120,1
Harford,119,11,251,2,5,4,7,4,4,133,1
Harford,120,26,254,0,9,5,14,4,0,168,8
Harford,121,1,19,0,3,1,4,1,1,52,1
Harford,122,0,7,0,0,0,0,0,0,12,0
Harford,123,1,21,0,0,0,1,0,1,20,1
Harford,124,1,29,1,4,2,3,1,0,46,1
Harford,125,0,0,0,0,0,0,0,0,4,1
Harford,126,3,54,1,4,0,3,0,1,88,1
Harford,127,3,42,0,3,0,0,1,0,73,2
Harford,141,10,97,4,9,2,7,4,0,154,2
Harford,145,2,75,2,6,0,8,2,5,191,6
Harford,201,0,37,2,1,0,1,1,0,24,1
Harford,202,6,80,8,7,4,4,5,3,266,5
Harford,203,3,80,2,6,0,2,0,1,106,2
Harford,204,0,10,0,0,0,1,0,0,12,0
Harford,205,0,2,0,1,0,0,0,0,4,1
Harford,207,1,3,0,0,0,0,0,0,2,0
Harford,210,6,207,4,4,2,8,3,0,156,2
Harford,211,2,140,2,7,0,4,1,1,146,4
Harford,214,6,140,3,7,2,10,3,1,84,1
Harford,215,4,175,1,2,6,13,3,0,143,4
Harford,219,0,23,0,0,0,1,0,0,10,1
Harford,220,0,1,1,0,0,0,0,0,0,0
Harford,221,1,3,0,0,1,0,0,1,3,0
Harford,222,0,0,0,0,0,0,0,0,4,1
Harford,302,3,56,7,5,1,5,1,2,184,3
Harford,303,6,41,6,14,1,4,5,4,255,2
Harford,304,2,35,1,6,5,2,1,0,97,4
Harford,305,5,63,3,6,1,6,4,5,181,1
Harford,306,3,48,5,6,4,1,3,4,238,2
Harford,307,7,50,1,8,1,2,5,0,152,2
Harford,308,9,55,6,13,0,5,4,1,201,1
Harford,309,3,65,11,7,0,6,3,4,251,3
Harford,310,1,66,5,6,3,9,3,1,216,4
Harford,311,2,51,3,4,2,5,0,0,150,2
Harford,312,5,51,3,5,3,8,4,2,155,4
Harford,313,3,55,6,6,2,6,3,3,218,8
Harford,314,2,34,4,4,2,4,1,0,118,2
Harford,315,3,58,3,3,2,1,1,2,96,5
Harford,316,2,50,6,10,4,3,6,0,163,3
Harford,317,2,49,4,1,2,2,1,0,185,3
Harford,318,2,47,5,11,4,4,0,1,127,4
Harford,319,8,70,3,8,0,7,5,2,165,3
Harford,320,3,51,2,8,5,1,0,5,152,3
Harford,321,4,70,6,5,0,4,2,1,152,6
Harford,322,9,62,5,13,5,4,1,5,146,2
Harford,323,3,79,6,6,1,6,3,0,228,2
Harford,324,1,36,2,3,1,4,2,3,122,2
Harford,326,0,10,2,3,0,2,0,0,39,2
Harford,327,0,9,2,0,0,1,0,1,29,1
Harford,401,0,20,3,9,0,2,2,2,104,1
Harford,402,2,43,4,10,2,1,2,3,173,2
Harford,403,6,55,9,4,8,4,9,6,155,2
Harford,404,5,50,3,5,1,3,2,2,130,2
Harford,405,5,47,5,4,1,2,1,0,164,4
Harford,406,2,22,2,3,1,8,4,1,112,1
Harford,407,1,20,2,2,0,0,2,0,80,2
Harford,501,3,46,5,7,4,1,7,2,155,2
Harford,502,1,39,0,4,3,3,3,0,116,3
Harford,503,4,44,4,8,5,4,3,1,152,5
Harford,504,0,42,5,2,5,1,4,1,99,3
Harford,601,5,132,8,5,1,8,1,0,128,5
Harford,602,5,121,6,10,1,11,4,1,166,3
Harford,603,10,90,7,5,2,7,3,1,184,7
Harford,604,1,3,0,0,0,1,0,0,23,0
Harford,605,1,29,0,0,1,0,0,0,12,1
Harford,606,5,153,10,8,5,15,4,0,267,5
Harford,607,2,3,0,1,0,0,0,0,22,2
Harford,6001,0,0,0,0,0,0,0,0,0,0
Harford,6002,0,0,0,0,0,0,0,0,0,0
Harford,6003,0,0,0,0,0,0,0,0,0,0
Harford,6004,0,0,0,0,0,0,0,0,0,0
Harford,7000,0,0,0,0,0,0,0,0,0,0
Harford,7500,0,0,0,0,0,0,0,0,0,0
Harford,8000,0,0,0,0,0,0,0,0,0,0
Montgomery,101,2,62,0,1,1,3,0,0,176,2
Montgomery,102,0,86,5,1,1,6,3,1,236,9
Montgomery,103,12,176,1,6,2,13,2,0,427,3
Montgomery,104,9,130,6,8,5,4,5,0,187,7
Montgomery,105,3,127,4,3,3,3,2,3,294,5
Montgomery,106,2,79,2,2,0,1,3,1,158,4
Montgomery,107,0,13,0,1,0,0,0,0,36,2
Montgomery,201,12,183,4,14,4,5,7,1,353,11
Montgomery,202,13,206,3,14,5,7,1,3,325,10
Montgomery,203,16,214,8,12,2,17,3,0,323,14
Montgomery,204,7,204,6,8,1,4,5,3,376,9
Montgomery,205,7,187,4,11,4,12,5,0,317,5
Montgomery,206,14,140,8,12,8,6,3,1,327,12
Montgomery,207,0,1,0,0,0,0,0,0,3,0
Montgomery,208,4,120,5,4,7,3,1,2,263,7
Montgomery,209,2,20,0,0,1,0,1,0,25,0
Montgomery,210,10,58,3,3,4,3,1,1,135,2
Montgomery,211,7,170,3,7,5,6,6,1,294,11
Montgomery,301,2,78,5,1,2,3,1,1,297,3
Montgomery,302,1,56,1,2,3,4,3,1,278,3
Montgomery,401,10,142,6,7,2,4,6,2,520,6
Montgomery,402,1,86,0,3,3,5,3,0,519,4
Montgomery,403,4,131,5,9,1,11,1,1,734,9
Montgomery,404,1,80,3,5,0,4,2,0,409,4
Montgomery,405,3,90,3,2,3,2,2,2,374,3
Montgomery,406,4,75,2,11,5,3,2,7,318,4
Montgomery,407,6,81,6,8,6,6,4,1,373,14
Montgomery,408,3,124,2,6,1,5,1,2,877,4
Montgomery,409,2,56,4,3,1,3,2,0,295,7
Montgomery,410,1,75,1,9,0,6,0,1,464,4
Montgomery,411,0,7,1,0,0,0,0,0,75,0
Montgomery,412,2,58,5,3,2,2,3,1,663,6
Montgomery,413,1,55,3,3,1,0,1,0,605,0
Montgomery,414,4,103,2,7,2,6,5,3,553,1
Montgomery,415,7,41,0,3,1,6,1,2,186,3
Montgomery,416,3,99,4,5,1,6,0,1,631,3
Montgomery,417,2,81,3,1,0,4,0,0,497,2
Montgomery,418,3,62,6,2,0,1,2,1,634,1
Montgomery,419,5,52,1,3,0,7,0,1,214,5
Montgomery,420,2,56,2,5,0,5,2,0,644,6
Montgomery,421,2,44,5,2,1,0,1,0,613,6
Montgomery,423,0,5,0,0,0,0,0,0,32,0
Montgomery,424,1,53,2,5,1,1,2,0,376,8
Montgomery,425,0,43,1,1,0,0,0,0,335,1
Montgomery,426,5,57,5,11,2,12,1,1,312,5
Montgomery,427,2,19,2,1,2,0,0,0,62,4
Montgomery,428,1,55,2,2,0,2,0,1,171,0
Montgomery,429,1,24,0,3,0,0,1,0,116,1
Montgomery,430,1,67,2,6,2,3,2,1,408,1
Montgomery,431,1,67,1,8,1,6,1,2,501,4
Montgomery,432,1,15,2,2,1,0,0,0,256,4
Montgomery,433,0,1,0,0,0,0,0,0,2,0
Montgomery,434,5,76,2,1,1,0,1,0,309,3
Montgomery,435,1,15,0,1,0,0,0,0,41,0
Montgomery,437,0,9,0,3,0,1,0,0,23,1
Montgomery,438,0,3,0,0,0,0,0,0,10,0
Montgomery,440,0,5,1,1,0,1,0,0,8,0
Montgomery,442,0,1,0,0,0,0,0,0,0,0
Montgomery,443,0,1,0,0,0,0,0,0,0,0
Montgomery,501,7,171,2,9,5,4,2,0,452,6
Montgomery,502,10,307,7,9,5,6,4,0,230,4
Montgomery,503,11,277,7,8,3,3,1,0,513,12
Montgomery,504,2,111,3,0,3,2,2,1,374,2
Montgomery,505,3,128,0,4,2,1,1,1,350,2
Montgomery,506,11,213,5,9,3,4,4,0,469,6
Montgomery,508,14,164,6,11,2,3,3,2,450,8
Montgomery,509,5,178,5,2,2,2,4,1,647,4
Montgomery,510,6,131,2,3,1,4,2,0,212,1
Montgomery,511,6,128,7,9,3,5,2,2,360,4
Montgomery,512,10,269,2,12,4,7,2,1,521,10
Montgomery,513,12,282,5,26,9,12,4,0,302,5
Montgomery,514,14,118,4,12,11,2,4,0,172,6
Montgomery,515,2,157,5,10,3,6,1,3,309,9
Montgomery,516,5,171,7,9,1,2,0,3,610,6
Montgomery,517,7,243,4,6,4,6,3,1,317,7
Montgomery,518,1,70,0,2,1,2,0,1,159,3
Montgomery,519,4,170,5,7,1,3,2,1,289,6
Montgomery,521,8,269,3,14,5,3,4,0,299,3
Montgomery,522,1,56,1,1,2,3,0,1,298,2
Montgomery,523,8,315,1,7,3,6,4,1,412,3
Montgomery,601,2,42,2,2,0,2,0,0,248,3
Montgomery,602,3,66,5,2,0,5,1,0,374,5
Montgomery,603,3,57,3,4,4,6,0,0,364,5
Montgomery,604,4,54,5,4,0,2,2,2,508,5
Montgomery,605,5,109,0,7,1,6,1,3,552,3
Montgomery,606,2,75,6,2,4,3,0,2,417,7
Montgomery,607,7,142,6,3,5,8,3,1,357,12
Montgomery,608,4,45,2,1,1,3,1,1,384,4
Montgomery,609,1,51,2,3,1,0,1,1,293,2
Montgomery,610,16,149,2,9,9,10,3,3,353,3
Montgomery,611,0,1,0,0,0,0,0,0,10,0
Montgomery,613,1,46,2,4,2,6,0,3,272,5
Montgomery,614,2,28,3,0,3,3,0,0,200,3
Montgomery,615,7,94,1,5,3,4,8,0,368,12
Montgomery,701,1,60,2,2,0,2,0,3,341,0
Montgomery,702,0,47,0,1,2,1,0,0,548,0
Montgomery,703,1,95,1,1,1,1,0,1,812,1
Montgomery,704,2,119,5,3,1,2,3,1,781,3
Montgomery,705,0,53,1,0,0,0,0,2,593,1
Montgomery,706,0,42,2,1,2,0,0,0,458,0
Montgomery,707,0,56,1,0,0,1,0,3,535,0
Montgomery,708,5,106,5,4,0,5,0,1,491,8
Montgomery,709,1,68,1,1,0,1,0,1,554,3
Montgomery,710,0,78,1,2,0,2,0,0,689,1
Montgomery,711,2,87,0,7,0,6,0,0,842,1
Montgomery,712,0,53,1,2,0,1,2,0,712,0
Montgomery,713,0,64,0,4,1,2,0,0,741,4
Montgomery,715,0,56,0,4,2,1,0,0,800,3
Montgomery,716,0,67,1,3,1,0,0,0,554,3
Montgomery,718,0,65,0,1,1,1,0,2,726,1
Montgomery,719,0,122,1,2,2,3,2,1,1014,2
Montgomery,720,2,66,3,4,1,4,1,1,537,1
Montgomery,721,0,33,0,0,0,0,0,0,327,1
Montgomery,722,1,59,0,5,0,0,0,1,652,2
Montgomery,723,2,106,0,3,2,2,2,1,954,4
Montgomery,724,0,58,1,2,1,0,0,1,619,3
Montgomery,725,2,65,7,1,2,1,4,0,497,4
Montgomery,726,2,138,0,4,0,9,0,1,832,2
Montgomery,727,1,35,0,0,0,0,0,1,458,3
Montgomery,728,4,33,0,2,1,4,1,0,424,1
Montgomery,731,1,35,2,2,0,2,0,0,271,0
Montgomery,732,0,23,0,0,0,2,0,0,251,1
Montgomery,801,1,247,2,5,1,2,2,2,542,6
Montgomery,802,6,192,8,4,2,9,1,1,635,4
Montgomery,803,2,101,2,6,2,5,3,3,513,2
Montgomery,804,2,57,4,6,4,2,0,1,179,2
Montgomery,805,2,127,4,5,3,2,2,1,369,2
Montgomery,806,1,189,4,8,6,7,2,1,452,6
Montgomery,807,3,157,5,5,3,6,2,1,504,5
Montgomery,808,5,106,4,4,2,5,0,1,418,4
Montgomery,809,9,182,4,8,2,4,2,3,527,3
Montgomery,810,3,130,2,3,1,2,2,0,281,7
Montgomery,811,4,173,2,9,1,5,4,1,350,3
Montgomery,812,2,125,5,4,1,4,5,1,340,5
Montgomery,814,0,0,0,0,0,0,0,0,0,0
Montgomery,815,2,5,1,0,0,0,0,0,19,0
Montgomery,901,10,141,4,4,10,11,3,1,322,3
Montgomery,902,17,136,7,7,3,4,2,1,389,7
Montgomery,903,7,81,0,5,4,4,0,1,179,4
Montgomery,904,10,116,5,9,3,4,2,1,354,11
Montgomery,905,8,114,4,11,2,6,4,0,361,4
Montgomery,906,3,88,5,11,2,8,2,0,404,7
Montgomery,907,15,112,2,10,2,4,5,4,331,11
Montgomery,908,8,127,4,8,7,8,2,0,360,9
Montgomery,909,16,191,8,13,7,7,6,2,422,7
Montgomery,910,1,18,0,1,0,2,3,2,76,0
Montgomery,911,15,110,4,13,4,4,0,3,305,6
Montgomery,912,14,116,1,8,6,7,4,1,372,5
Montgomery,913,8,108,1,4,4,6,2,0,432,8
Montgomery,914,4,129,4,5,3,3,0,1,290,9
Montgomery,915,7,146,1,6,1,7,4,0,264,1
Montgomery,916,10,89,4,12,2,4,4,1,190,6
Montgomery,918,13,134,4,13,10,11,3,0,215,3
Montgomery,920,11,77,4,6,3,4,1,0,221,7
Montgomery,921,9,127,2,9,5,5,4,0,220,1
Montgomery,922,16,183,4,21,2,10,4,1,376,11
Montgomery,924,5,73,1,7,3,7,1,0,181,4
Montgomery,925,3,102,3,9,2,11,0,2,200,8
Montgomery,926,12,149,6,15,7,7,5,2,253,9
Montgomery,927,5,73,2,3,1,3,0,0,596,3
Montgomery,928,0,24,0,0,1,0,0,0,296,0
Montgomery,929,10,135,4,5,0,10,5,0,292,7
Montgomery,930,13,168,3,11,8,9,4,2,232,4
Montgomery,931,2,89,2,3,1,4,3,0,410,5
Montgomery,932,2,33,0,3,1,3,1,0,57,0
Montgomery,933,1,51,1,3,0,5,0,1,136,4
Montgomery,934,15,186,4,17,2,7,4,0,215,6
Montgomery,935,4,81,4,6,1,5,4,0,676,5
Montgomery,936,4,82,4,6,3,7,2,0,227,3
Montgomery,937,7,120,2,7,6,7,3,0,183,6
Montgomery,938,0,19,0,0,0,0,0,0,142,0
Montgomery,939,0,1,0,0,0,0,0,0,2,0
Montgomery,940,8,55,7,5,2,1,0,0,180,4
Montgomery,941,7,108,6,9,3,10,1,0,196,11
Montgomery,1001,1,33,0,2,1,3,1,0,173,1
Montgomery,1002,0,43,1,1,2,2,0,1,318,3
Montgomery,1003,4,60,2,3,1,1,0,0,418,5
Montgomery,1004,0,34,0,2,0,0,1,1,304,5
Montgomery,1005,2,37,1,1,1,2,1,0,369,5
Montgomery,1006,0,26,0,0,2,1,1,0,385,4
Montgomery,1007,5,64,1,2,1,3,1,0,511,4
Montgomery,1009,5,35,2,5,0,0,0,1,334,4
Montgomery,1010,2,44,2,1,0,1,0,2,500,5
Montgomery,1011,6,52,3,2,0,3,3,1,241,0
Montgomery,1012,4,71,2,2,3,1,0,0,553,5
Montgomery,1013,1,16,1,1,2,0,1,0,239,2
Montgomery,1100,3,45,2,3,2,2,0,1,254,3
Montgomery,1201,2,39,3,2,3,3,2,0,163,4
Montgomery,1202,3,38,0,8,2,3,3,1,187,1
Montgomery,1203,9,97,7,7,6,10,5,3,351,5
Montgomery,1204,6,86,2,6,3,2,0,3,203,6
Montgomery,1205,13,112,6,5,5,10,7,3,187,7
Montgomery,1301,3,93,3,3,0,6,1,0,328,2
Montgomery,1302,10,223,7,16,5,5,4,1,646,7
Montgomery,1303,1,55,3,0,1,1,0,1,564,0
Montgomery,1304,2,166,1,3,0,5,2,0,749,1
Montgomery,1305,3,235,2,7,5,6,0,0,395,6
Montgomery,1306,1,223,2,3,2,2,0,1,704,3
Montgomery,1307,2,138,2,4,0,2,1,0,696,2
Montgomery,1308,4,189,2,5,3,3,0,2,437,8
Montgomery,1310,7,158,2,2,1,12,2,0,219,5
Montgomery,1311,9,131,0,2,8,3,1,2,677,4
Montgomery,1313,2,185,4,4,1,5,1,2,406,1
Montgomery,1314,3,163,0,3,1,0,1,1,615,1
Montgomery,1315,7,276,6,8,3,1,1,1,645,6
Montgomery,1316,7,99,0,7,4,4,2,2,469,1
Montgomery,1318,3,186,1,2,3,2,2,0,484,1
Montgomery,1319,1,112,2,7,6,3,1,0,513,7
Montgomery,1320,1,35,2,3,3,0,0,0,359,2
Montgomery,1321,4,248,3,6,2,9,2,0,614,4
Montgomery,1322,5,252,1,6,3,1,3,0,415,2
Montgomery,1323,2,106,5,1,3,3,0,1,668,3
Montgomery,1324,3,77,3,2,3,1,0,0,572,1
Montgomery,1325,10,84,4,10,6,5,3,1,448,3
Montgomery,1327,4,108,2,8,3,2,3,0,512,7
Montgomery,1328,5,58,2,10,5,4,2,0,223,5
Montgomery,1329,6,103,3,9,7,4,3,0,442,3
Montgomery,1330,12,98,4,9,4,3,5,2,369,7
Montgomery,1331,1,81,1,3,2,7,0,2,412,2
Montgomery,1332,5,163,4,6,2,6,5,0,435,5
Montgomery,1333,6,67,0,5,1,4,1,0,348,2
Montgomery,1334,3,72,4,1,2,3,0,2,605,1
Montgomery,1335,5,96,5,10,4,9,1,1,411,7
Montgomery,1336,9,85,9,10,2,6,5,1,366,5
Montgomery,1337,11,76,3,10,6,3,3,0,221,2
Montgomery,1338,1,103,2,3,1,2,0,3,1023,4
Montgomery,1339,3,102,1,3,1,4,1,1,605,3
Montgomery,1340,2,88,2,3,3,3,1,2,483,2
Montgomery,1342,2,87,3,5,1,1,0,0,287,3
Montgomery,1343,4,60,2,11,2,2,1,0,294,5
Montgomery,1344,4,101,1,0,4,3,3,2,384,6
Montgomery,1345,5,58,3,4,5,5,0,0,257,4
Montgomery,1346,4,87,0,6,2,3,1,1,319,3
Montgomery,1347,5,283,2,10,2,7,5,1,421,4
Montgomery,1349,6,63,2,5,3,5,1,1,164,2
Montgomery,1350,3,102,1,2,0,1,0,0,511,0
Montgomery,1351,8,142,2,5,1,3,2,2,602,11
Montgomery,1352,5,103,1,3,2,1,1,0,365,0
Montgomery,1353,0,81,0,1,1,3,2,0,323,0
Montgomery,1354,1,81,4,3,1,2,1,1,484,2
Montgomery,1355,5,94,1,12,3,5,1,0,196,3
Montgomery,1356,3,128,8,9,4,7,0,0,423,7
Montgomery,1357,3,44,1,4,0,5,2,0,131,4
Montgomery,1358,5,167,2,5,2,13,5,3,774,1
Montgomery,1359,6,85,5,9,0,4,1,0,318,0
Montgomery,1360,0,0,0,0,0,0,0,0,0,0
Montgomery,1361,10,224,5,8,3,4,7,0,566,8
Montgomery,1363,3,47,1,4,1,1,2,0,150,2
Montgomery,1364,8,143,7,9,3,7,1,3,353,6
Montgomery,1365,5,117,1,5,2,5,3,0,212,5
Montgomery,1368,6,305,2,3,4,3,1,1,875,3
Montgomery,1369,2,62,5,1,0,0,1,0,597,0
Montgomery,1370,3,2,0,0,0,0,0,0,30,1
Montgomery,1371,1,44,2,3,0,2,0,0,423,0
Montgomery,6001,0,0,0,0,0,0,0,0,0,0
Montgomery,6002,0,0,0,0,0,0,0,0,0,0
Montgomery,6003,0,0,0,0,0,0,0,0,0,0
Montgomery,6004,0,0,0,0,0,0,0,0,0,0
Montgomery,6005,0,0,0,0,0,0,0,0,0,0
Montgomery,6006,0,0,0,0,0,0,0,0,0,0
Montgomery,6007,0,0,0,0,0,0,0,0,0,0
Montgomery,6008,0,0,0,0,0,0,0,0,0,0
Montgomery,6009,0,0,0,0,0,0,0,0,0,0
Montgomery,6010,0,0,0,0,0,0,0,0,0,0
Montgomery,7000,0,0,0,0,0,0,0,0,0,0
Montgomery,7500,0,0,0,0,0,0,0,0,0,0
Montgomery,8000,0,0,0,0,0,0,0,0,0,0
Prince Georges,101,18,283,3,14,3,9,4,1,312,9
Prince Georges,102,2,92,1,4,9,1,0,0,128,2
Prince Georges,103,18,290,7,16,8,9,2,0,216,5
Prince Georges,104,13,164,2,8,6,9,3,1,211,5
Prince Georges,105,6,195,7,11,5,9,4,1,281,9
Prince Georges,106,8,206,2,6,3,3,4,0,154,5
Prince Georges,107,4,85,3,7,1,2,0,1,336,3
Prince Georges,108,1,49,1,3,1,3,0,0,60,0
Prince Georges,201,7,176,2,6,3,3,2,2,58,1
Prince Georges,202,10,150,2,4,6,1,2,0,147,3
Prince Georges,203,6,390,2,4,3,5,5,1,252,4
Prince Georges,204,10,190,4,6,3,5,1,0,90,2
Prince Georges,205,8,192,1,7,4,3,3,0,59,7
Prince Georges,206,14,321,5,10,5,5,6,1,155,3
Prince Georges,207,3,303,2,5,1,4,4,2,287,1
Prince Georges,208,17,432,3,11,12,3,5,1,155,3
Prince Georges,209,22,391,4,13,9,3,3,0,134,5
Prince Georges,210,9,226,1,7,4,1,3,0,92,0
Prince Georges,301,4,135,2,1,2,4,2,0,74,1
Prince Georges,302,18,444,2,4,8,6,1,1,191,3
Prince Georges,303,14,605,4,6,6,4,2,2,264,2
Prince Georges,304,7,385,3,3,3,3,1,0,187,2
Prince Georges,305,3,312,1,0,4,1,5,0,160,0
Prince Georges,306,11,599,3,3,3,3,1,0,216,1
Prince Georges,307,3,67,0,1,1,2,0,0,29,1
Prince Georges,308,0,18,0,1,0,0,0,0,20,1
Prince Georges,401,4,119,1,4,0,2,0,0,177,3
Prince Georges,501,13,667,2,3,10,5,7,2,318,5
Prince Georges,502,6,337,1,3,2,4,1,0,205,2
Prince Georges,503,8,410,1,5,2,1,2,0,125,2
Prince Georges,504,10,479,4,3,6,4,4,0,168,1
Prince Georges,505,12,579,0,3,5,1,5,1,261,1
Prince Georges,506,9,455,1,5,2,3,3,2,175,3
Prince Georges,507,9,569,3,5,1,5,2,1,259,1
Prince Georges,508,8,210,3,0,2,4,4,0,220,4
Prince Georges,509,5,78,0,2,1,0,0,0,46,1
Prince Georges,510,5,149,1,0,2,2,0,0,76,0
Prince Georges,511,10,397,3,1,4,4,2,0,117,3
Prince Georges,512,16,473,6,6,8,9,5,1,233,4
Prince Georges,601,9,465,2,9,9,3,3,0,111,3
Prince Georges,602,2,240,0,3,2,0,1,1,82,1
Prince Georges,603,16,497,6,14,13,3,5,1,141,3
Prince Georges,604,11,383,0,6,5,4,6,0,80,1
Prince Georges,605,10,307,1,5,4,2,1,0,71,0
Prince Georges,606,15,327,3,4,3,2,2,0,103,1
Prince Georges,607,11,472,6,9,3,2,2,1,142,4
Prince Georges,608,9,301,4,1,1,0,2,0,83,0
Prince Georges,609,5,327,4,4,3,2,3,1,75,0
Prince Georges,610,10,448,2,6,8,4,1,0,124,4
Prince Georges,611,10,411,1,2,8,6,0,0,124,2
Prince Georges,612,8,254,2,1,3,1,2,0,53,4
Prince Georges,613,5,403,4,4,4,4,1,1,174,2
Prince Georges,614,2,90,0,3,2,1,0,0,20,0
Prince Georges,615,10,404,0,2,3,3,1,1,104,2
Prince Georges,616,10,343,1,5,4,2,1,0,87,1
Prince Georges,617,7,502,1,0,5,2,0,0,144,2
Prince Georges,618,10,275,0,6,4,5,5,0,101,1
Prince Georges,619,2,331,1,6,3,3,3,0,87,0
Prince Georges,620,7,536,1,5,6,2,2,0,129,0
Prince Georges,621,2,75,0,0,1,0,0,0,21,2
Prince Georges,622,13,430,0,3,5,3,0,1,89,2
Prince Georges,623,8,271,0,1,4,3,0,0,90,1
Prince Georges,624,1,142,0,0,0,1,1,0,35,0
Prince Georges,625,2,93,0,0,1,0,0,0,19,0
Prince Georges,626,2,176,1,2,1,1,1,0,55,0
Prince Georges,627,3,129,2,2,2,2,2,1,28,2
Prince Georges,628,1,128,0,0,1,0,1,0,37,1
Prince Georges,629,3,88,1,1,1,0,1,0,26,0
Prince Georges,701,0,138,0,0,1,0,0,0,85,0
Prince Georges,702,5,92,4,4,5,5,1,0,131,3
Prince Georges,703,7,116,3,9,4,9,2,2,185,5
Prince Georges,704,3,112,6,6,1,6,3,1,182,8
Prince Georges,705,10,170,8,5,3,3,0,1,217,9
Prince Georges,706,7,277,4,4,4,3,2,1,205,2
Prince Georges,707,6,347,0,3,4,7,2,2,194,3
Prince Georges,708,4,228,2,14,3,2,4,0,148,0
Prince Georges,709,14,606,2,8,6,7,4,0,306,5
Prince Georges,710,12,437,6,7,4,4,6,0,264,4
Prince Georges,711,15,631,1,1,7,2,1,0,280,1
Prince Georges,712,5,531,1,5,1,2,2,0,159,2
Prince Georges,713,11,467,3,2,1,2,0,0,216,0
Prince Georges,714,5,178,1,8,1,4,1,0,185,2
Prince Georges,715,9,405,2,2,2,2,4,0,190,0
Prince Georges,716,5,113,1,3,3,1,3,0,101,4
Prince Georges,717,4,173,3,3,1,5,2,0,108,0
Prince Georges,718,0,16,0,0,1,0,0,0,4,0
Prince Georges,719,3,52,0,0,0,3,0,0,42,0
Prince Georges,720,1,30,2,0,0,0,0,0,13,1
Prince Georges,721,1,34,0,0,0,2,0,0,20,0
Prince Georges,722,8,664,1,4,2,3,1,1,307,6
Prince Georges,723,2,313,0,1,3,3,1,0,146,2
Prince Georges,724,0,50,1,0,0,1,0,0,36,0
Prince Georges,801,1,90,3,4,2,1,3,0,57,1
Prince Georges,901,10,621,3,5,6,2,5,1,223,2
Prince Georges,902,6,246,2,6,2,1,2,0,95,1
Prince Georges,903,0,17,0,0,0,1,1,0,7,1
Prince Georges,904,4,325,3,6,2,3,3,1,173,0
Prince Georges,905,13,445,1,5,2,1,0,0,145,2
Prince Georges,906,15,608,0,5,8,1,2,0,243,3
Prince Georges,907,14,535,2,3,6,2,7,1,285,2
Prince Georges,908,20,767,5,6,16,7,4,1,388,3
Prince Georges,909,5,178,1,6,3,2,2,0,99,0
Prince Georges,910,13,349,1,3,4,4,4,0,161,5
Prince Georges,911,6,485,3,2,6,2,4,1,164,5
Prince Georges,912,2,23,0,0,0,0,0,0,11,1
Prince Georges,913,11,338,2,6,4,5,2,0,148,4
Prince Georges,914,0,0,0,0,0,0,0,0,0,0
Prince Georges,915,0,0,0,0,1,0,0,0,0,1
Prince Georges,1001,11,171,1,6,0,3,0,0,77,0
Prince Georges,1002,24,349,7,12,9,12,4,3,256,6
Prince Georges,1003,7,167,1,5,1,8,0,3,160,1
Prince Georges,1004,25,276,1,9,3,5,4,0,144,3
Prince Georges,1005,4,246,6,8,4,8,2,2,372,10
Prince Georges,1006,22,364,8,14,7,11,4,1,242,6
Prince Georges,1007,7,187,0,7,4,5,1,1,139,4
Prince Georges,1008,8,153,2,4,7,4,2,0,121,4
Prince Georges,1009,10,245,4,11,7,7,1,0,132,7
Prince Georges,1010,7,206,1,3,3,10,3,1,154,5
Prince Georges,1011,12,214,2,6,2,2,1,0,116,4
Prince Georges,1012,22,545,3,12,8,8,6,1,323,15
Prince Georges,1013,12,399,6,13,5,7,2,1,286,9
Prince Georges,1014,3,84,0,3,3,3,0,0,36,2
Prince Georges,1101,13,404,2,7,4,4,4,0,140,0
Prince Georges,1102,17,450,5,5,6,2,3,2,215,4
Prince Georges,1103,12,550,5,7,5,6,5,1,179,4
Prince Georges,1104,18,527,2,12,13,8,3,1,316,6
Prince Georges,1105,2,60,0,1,2,0,0,0,29,0
Prince Georges,1201,4,211,1,5,2,6,0,0,85,2
Prince Georges,1202,4,244,0,4,3,2,0,0,66,1
Prince Georges,1203,7,355,0,5,2,3,0,1,75,0
Prince Georges,1204,13,418,2,4,7,5,1,1,107,2
Prince Georges,1205,10,424,2,3,2,4,1,0,140,4
Prince Georges,1206,3,353,0,3,5,6,2,0,92,0
Prince Georges,1207,10,346,1,5,3,0,3,0,79,3
Prince Georges,1208,4,284,1,2,1,4,0,2,85,0
Prince Georges,1209,5,282,3,3,7,5,1,0,55,1
Prince Georges,1210,10,567,5,4,4,3,0,0,178,6
Prince Georges,1211,8,497,5,4,4,3,2,1,223,2
Prince Georges,1212,8,361,1,3,5,2,2,0,96,2
Prince Georges,1213,8,496,0,2,5,0,0,0,131,1
Prince Georges,1214,6,433,0,3,5,2,0,1,156,3
Prince Georges,1215,4,423,1,3,5,4,4,0,110,1
Prince Georges,1216,7,234,2,6,0,2,2,2,65,2
Prince Georges,1217,1,87,2,0,2,0,0,1,38,0
Prince Georges,1218,0,49,0,0,0,0,2,0,11,0
Prince Georges,1301,2,106,1,4,1,0,0,0,16,2
Prince Georges,1302,8,315,2,3,1,5,3,1,65,0
Prince Georges,1303,13,285,1,4,4,1,0,0,90,0
Prince Georges,1304,3,256,2,0,1,3,0,0,85,3
Prince Georges,1305,10,485,1,3,4,2,3,0,258,1
Prince Georges,1306,11,519,3,4,4,2,2,0,173,1
Prince Georges,1307,14,613,5,7,4,7,2,0,159,5
Prince Georges,1308,1,185,1,4,1,2,1,0,50,1
Prince Georges,1309,10,492,1,4,1,1,1,0,190,0
Prince Georges,1310,6,613,4,11,5,8,5,3,173,3
Prince Georges,1311,8,517,2,1,8,1,1,0,173,2
Prince Georges,1312,5,630,3,2,4,2,0,1,220,2
Prince Georges,1313,10,369,2,0,1,3,0,0,145,0
Prince Georges,1314,10,556,2,6,5,5,2,0,204,3
Prince Georges,1315,9,587,0,1,1,4,2,2,227,1
Prince Georges,1316,17,447,0,5,3,10,3,0,146,2
Prince Georges,1317,12,319,2,2,4,1,3,0,68,1
Prince Georges,1318,5,120,1,1,0,0,2,0,31,1
Prince Georges,1319,0,12,0,0,0,0,0,0,3,0
Prince Georges,1320,3,99,3,1,2,0,0,0,33,2
Prince Georges,1321,7,235,2,0,4,1,0,0,113,1
Prince Georges,1322,2,53,0,0,1,0,0,0,16,0
Prince Georges,1323,4,126,0,1,3,1,0,0,48,1
Prince Georges,1324,5,198,1,5,0,1,1,0,64,0
Prince Georges,1325,4,36,0,0,0,0,0,0,16,0
Prince Georges,1401,12,314,1,11,2,6,0,1,271,5
Prince Georges,1402,19,471,9,18,6,11,0,0,215,7
Prince Georges,1403,4,129,6,4,4,4,1,1,188,2
Prince Georges,1404,10,138,3,4,1,4,4,0,175,6
Prince Georges,1405,8,97,4,4,1,3,3,1,152,9
Prince Georges,1406,3,63,6,3,3,4,1,1,164,3
Prince Georges,1407,9,323,2,7,3,4,5,1,241,7
Prince Georges,1408,3,193,0,6,3,4,2,0,111,3
Prince Georges,1409,18,391,9,11,7,10,4,2,289,1
Prince Georges,1410,5,157,1,5,1,4,2,0,131,5
Prince Georges,1411,4,77,2,3,1,4,0,0,95,1
Prince Georges,1412,7,299,1,6,1,1,2,1,234,6
Prince Georges,1413,7,130,0,2,1,1,0,1,103,4
Prince Georges,1414,0,0,0,0,0,0,0,0,2,0
Prince Georges,1415,0,47,0,5,0,0,0,0,38,0
Prince Georges,1416,1,16,0,2,1,1,0,0,16,0
Prince Georges,1417,0,0,0,0,0,0,0,0,0,0
Prince Georges,1501,15,596,7,7,6,4,5,0,252,4
Prince Georges,1502,6,332,1,5,4,5,2,0,115,0
Prince Georges,1503,10,409,3,7,8,6,4,0,178,2
Prince Georges,1504,13,489,4,11,6,4,5,1,222,3
Prince Georges,1505,12,1041,4,11,8,5,4,3,362,8
Prince Georges,1506,11,401,3,7,5,9,2,0,193,4
Prince Georges,1601,7,77,0,3,3,3,2,0,46,1
Prince Georges,1602,1,91,3,1,1,1,1,0,103,2
Prince Georges,1603,12,458,4,12,8,3,5,1,665,6
Prince Georges,1604,5,273,2,10,6,5,3,0,273,2
Prince Georges,1605,0,14,1,1,1,0,0,0,7,0
Prince Georges,1701,4,333,1,10,3,3,4,1,352,4
Prince Georges,1702,4,207,3,5,3,3,3,0,191,3
Prince Georges,1703,5,121,3,11,3,7,4,0,215,9
Prince Georges,1704,11,225,1,2,5,4,3,2,138,1
Prince Georges,1705,8,134,1,2,1,2,0,1,165,1
Prince Georges,1706,5,119,3,7,4,4,0,0,96,3
Prince Georges,1707,8,351,1,11,5,5,1,1,316,0
Prince Georges,1708,0,68,1,3,1,3,1,0,57,3
Prince Georges,1709,8,144,0,7,2,4,1,1,134,4
Prince Georges,1710,22,375,3,21,7,9,9,1,260,6
Prince Georges,1711,13,226,0,6,4,1,0,1,315,3
Prince Georges,1712,10,196,1,7,7,10,1,0,198,7
Prince Georges,1713,0,15,2,1,2,1,0,0,15,2
Prince Georges,1714,5,174,8,10,5,7,1,0,88,2
Prince Georges,1715,1,22,0,0,0,1,0,0,14,0
Prince Georges,1801,8,447,2,5,7,2,0,0,125,1
Prince Georges,1802,1,201,0,1,0,2,0,2,50,0
Prince Georges,1803,3,197,1,5,7,3,1,0,51,0
Prince Georges,1804,2,183,1,4,2,0,0,0,55,1
Prince Georges,1805,5,186,1,1,2,1,2,0,54,1
Prince Georges,1806,5,528,1,7,1,1,0,0,147,0
Prince Georges,1807,10,411,2,5,3,4,4,1,104,1
Prince Georges,1808,10,226,1,4,4,2,2,0,87,2
Prince Georges,1809,12,363,0,6,1,2,2,0,96,1
Prince Georges,1810,6,196,0,0,0,1,1,0,58,0
Prince Georges,1811,4,258,2,6,3,3,1,0,57,2
Prince Georges,1812,1,25,0,0,0,0,0,0,7,0
Prince Georges,1813,0,78,0,2,0,0,1,0,26,0
Prince Georges,1814,2,66,0,0,1,1,0,0,21,1
Prince Georges,1815,0,10,0,0,0,2,0,0,3,0
Prince Georges,1816,0,9,0,0,0,0,0,0,1,0
Prince Georges,1901,16,234,3,8,8,3,2,0,229,4
Prince Georges,1902,13,184,4,17,3,6,4,3,124,5
Prince Georges,1903,3,171,5,2,2,5,3,2,439,5
Prince Georges,1904,7,170,2,8,5,2,2,1,64,0
Prince Georges,1905,0,0,0,0,0,0,0,0,0,0
Prince Georges,2001,18,337,4,8,3,8,1,0,200,6
Prince Georges,2002,5,96,1,0,1,3,3,0,41,0
Prince Georges,2003,4,327,2,6,6,4,1,0,101,0
Prince Georges,2004,14,266,3,5,4,3,1,0,86,1
Prince Georges,2005,14,210,5,7,11,9,2,1,195,2
Prince Georges,2006,13,199,3,9,1,2,1,0,131,0
Prince Georges,2007,4,238,0,2,2,2,0,1,74,3
Prince Georges,2008,8,182,3,5,1,1,1,0,75,1
Prince Georges,2009,11,276,1,2,2,2,0,0,118,1
Prince Georges,2010,9,107,2,2,0,3,1,0,71,2
Prince Georges,2011,19,367,5,9,2,2,2,0,125,0
Prince Georges,2012,9,179,4,6,2,3,1,0,67,4
Prince Georges,2013,2,59,0,4,0,2,2,0,23,0
Prince Georges,2014,2,29,1,1,0,1,0,0,16,2
Prince Georges,2015,0,0,0,0,0,0,0,0,0,0
Prince Georges,2016,4,59,1,0,1,1,1,0,25,0
Prince Georges,2017,1,1,0,0,0,2,0,0,0,0
Prince Georges,2018,6,84,0,1,3,1,0,0,19,1
Prince Georges,2019,17,265,3,4,3,3,1,0,93,2
Prince Georges,2020,4,59,1,0,2,1,0,0,19,0
Prince Georges,2021,7,86,2,2,0,2,2,1,78,1
Prince Georges,2101,11,167,5,9,4,7,4,2,247,4
Prince Georges,2102,2,103,3,5,0,5,1,2,222,2
Prince Georges,2103,5,334,2,8,6,6,1,3,524,8
Prince Georges,2104,11,134,4,9,5,5,3,1,169,9
Prince Georges,2105,8,192,2,9,3,7,2,0,142,5
Prince Georges,2106,1,252,1,4,4,2,3,0,443,3
Prince Georges,2107,10,133,7,11,1,10,5,1,253,3
Prince Georges,2108,16,216,5,3,2,6,1,0,98,5
Prince Georges,2109,5,96,3,1,4,2,3,0,105,1
Prince Georges,2110,11,146,6,8,3,5,4,0,194,8
Prince Georges,2111,8,299,3,8,5,7,1,1,202,5
Prince Georges,2112,2,42,1,4,1,3,0,0,107,0
Prince Georges,2113,15,353,3,10,7,4,4,0,248,5
Prince Georges,2114,8,149,1,11,2,2,0,1,152,3
Prince Georges,2115,3,120,2,2,3,2,0,1,146,4
Prince Georges,2116,15,230,1,10,1,2,1,1,149,4
Prince Georges,2117,11,179,14,16,9,20,4,2,192,20
Prince Georges,2118,12,345,2,9,5,9,4,4,209,3
Prince Georges,2119,0,0,0,0,0,0,0,0,1,0
Prince Georges,6001,0,0,0,0,0,0,0,0,0,0
Prince Georges,6002,0,0,0,0,0,0,0,0,0,0
Prince Georges,6003,0,0,0,0,0,0,0,0,0,0
Prince Georges,6004,0,0,0,0,0,0,0,0,0,0
Prince Georges,6005,0,0,0,0,0,0,0,0,0,0
Prince Georges,6006,0,0,0,0,0,0,0,0,0,0
Prince Georges,6007,0,0,0,0,0,0,0,0,0,0
Prince Georges,6008,0,0,0,0,0,0,0,0,0,0
Prince Georges,7000,0,0,0,0,0,0,0,0,0,0
Prince Georges,7500,0,0,0,0,0,0,0,0,0,0
Prince Georges,8000,0,0,0,0,0,0,0,0,0,0
Queen Anne's,101,1,36,2,2,2,0,2,2,71,3
Queen Anne's,201,4,84,6,9,7,6,2,4,203,4
Queen Anne's,301,5,54,2,4,1,2,4,0,111,3
Queen Anne's,302,3,75,2,7,0,9,3,2,160,3
Queen Anne's,401,10,64,9,7,3,7,1,2,138,2
Queen Anne's,402,5,71,1,8,4,7,1,3,234,6
Queen Anne's,403,2,75,7,6,6,4,3,1,217,3
Queen Anne's,406,4,37,3,7,2,3,2,0,176,4
Queen Anne's,501,2,39,1,3,1,2,0,1,99,0
Queen Anne's,502,6,128,2,4,6,10,1,2,233,3
Queen Anne's,601,3,21,1,3,1,0,0,1,61,1
Queen Anne's,701,2,79,3,3,3,4,0,1,111,2
Queen Anne's,6001,0,0,0,0,0,0,0,0,0,0
Queen Anne's,6002,0,0,0,0,0,0,0,0,0,0
Queen Anne's,7000,0,0,0,0,0,0,0,0,0,0
Queen Anne's,7500,0,0,0,0,0,0,0,0,0,0
Queen Anne's,8000,0,0,0,0,0,0,0,0,0,0
Somerset,101,6,30,2,1,2,4,1,0,34,1
Somerset,102,9,74,3,18,11,9,3,1,56,2
Somerset,103,8,12,0,2,4,5,2,1,7,0
Somerset,201,0,13,0,1,3,1,1,1,15,1
Somerset,301,0,27,2,3,2,3,6,1,50,4
Somerset,401,1,14,1,0,1,1,1,1,35,0
Somerset,501,3,28,0,3,5,3,3,3,29,1
Somerset,601,1,23,1,3,2,2,0,0,26,0
Somerset,701,8,59,7,7,8,13,8,2,64,2
Somerset,801,3,28,6,5,2,1,0,2,53,1
Somerset,802,1,11,2,2,4,0,2,0,8,0
Somerset,901,1,11,0,0,1,1,1,1,12,0
Somerset,1001,2,9,0,0,0,0,0,0,13,0
Somerset,1002,1,0,0,0,0,0,0,0,4,0
Somerset,1101,0,2,0,0,0,0,1,0,5,0
Somerset,1201,4,12,0,1,3,1,1,2,32,1
Somerset,1301,0,2,0,0,0,0,1,0,4,0
Somerset,1302,2,9,0,0,0,1,0,0,9,0
Somerset,1303,4,5,0,0,1,0,0,0,7,0
Somerset,1401,1,16,2,0,2,2,1,1,16,1
Somerset,1501,4,25,0,1,3,2,2,0,16,0
Somerset,1502,2,46,2,10,9,8,4,0,25,5
Somerset,1503,0,3,0,0,1,0,1,0,3,0
Somerset,6001,0,0,0,0,0,0,0,0,0,0
Somerset,7000,0,0,0,0,0,0,0,0,0,0
Somerset,7500,0,0,0,0,0,0,0,0,0,0
Somerset,8000,0,0,0,0,0,0,0,0,0,0
St Marys,101,12,110,8,9,4,11,13,3,177,7
St Marys,102,6,58,4,1,8,3,3,2,137,4
St Marys,201,7,61,7,5,4,5,7,7,116,6
St Marys,202,7,67,3,4,1,0,4,3,99,2
St Marys,203,0,29,4,2,0,4,3,3,49,1
St Marys,204,3,24,2,3,2,3,0,0,25,1
St Marys,301,2,66,2,9,4,5,7,0,98,2
St Marys,302,4,99,7,8,7,5,8,2,130,1
St Marys,303,11,49,8,5,1,11,2,1,98,1
St Marys,304,7,30,13,2,2,4,5,0,128,1
St Marys,305,1,33,3,1,2,1,3,5,73,3
St Marys,306,4,32,6,2,2,5,3,2,45,2
St Marys,401,8,59,12,4,13,3,7,2,105,1
St Marys,402,8,49,7,7,4,8,5,2,63,2
St Marys,403,6,94,7,7,8,2,5,3,111,1
St Marys,501,8,92,11,1,4,4,7,1,126,8
St Marys,502,10,82,4,7,2,3,2,3,113,5
St Marys,503,5,51,3,5,3,5,5,1,97,6
St Marys,601,9,48,5,4,4,4,1,0,77,1
St Marys,602,4,44,8,6,3,3,2,4,72,2
St Marys,603,6,58,7,8,4,4,6,5,115,7
St Marys,604,4,54,7,0,1,2,4,0,70,4
St Marys,701,10,90,9,2,6,4,8,4,177,2
St Marys,801,18,112,10,9,9,7,3,2,74,3
St Marys,802,4,27,7,5,2,4,4,1,72,3
St Marys,803,9,130,5,9,9,17,9,3,101,7
St Marys,804,16,155,6,8,7,12,6,2,89,10
St Marys,805,6,44,9,7,4,7,4,2,116,3
St Marys,806,4,51,5,6,0,2,4,1,95,2
St Marys,807,14,136,8,8,8,10,6,1,74,5
St Marys,808,1,30,1,0,1,5,2,1,24,2
St Marys,809,24,150,8,14,12,17,7,1,85,4
St Marys,810,3,34,5,3,1,1,3,2,34,3
St Marys,811,8,72,3,8,3,11,3,1,50,4
St Marys,812,1,12,1,0,0,1,2,0,14,1
St Marys,901,0,6,0,2,1,0,0,1,22,1
St Marys,6001,0,0,0,0,0,0,0,0,0,0
St Marys,7000,0,0,0,0,0,0,0,0,0,0
St Marys,7500,0,0,0,0,0,0,0,0,0,0
St Marys,8000,0,0,0,0,0,0,0,0,0,0
Washington,100,5,74,5,6,5,5,5,2,139,7
Washington,200,12,76,7,11,5,6,10,5,145,10
Washington,301,6,27,1,2,2,7,1,0,52,2
Washington,302,9,54,1,8,4,10,4,4,69,8
Washington,303,6,51,4,8,0,9,6,2,59,6
Washington,304,6,27,3,14,3,5,1,3,28,2
Washington,305,0,0,0,0,0,0,0,0,0,0
Washington,400,9,40,4,6,4,8,8,6,92,1
Washington,500,2,29,5,5,5,4,1,0,69,1
Washington,601,6,44,5,3,4,5,7,1,131,2
Washington,602,9,63,6,11,5,11,3,1,177,2
Washington,701,8,52,4,3,9,7,5,5,116,3
Washington,702,7,39,4,8,4,8,7,2,94,8
Washington,800,6,44,3,6,7,6,1,1,127,4
Washington,900,7,45,4,8,4,5,7,0,113,9
Washington,1001,3,83,3,5,6,16,7,1,143,3
Washington,1002,9,80,3,14,5,11,4,0,146,6
Washington,1003,3,44,1,5,4,11,3,0,91,2
Washington,1004,5,35,0,2,6,1,5,1,63,2
Washington,1005,0,0,0,0,0,0,0,0,4,0
Washington,1101,1,25,2,2,9,4,1,0,71,2
Washington,1102,0,9,1,1,5,6,1,0,35,2
Washington,1200,4,33,5,5,3,6,6,1,121,4
Washington,1301,8,46,4,9,5,5,8,1,103,2
Washington,1302,8,43,1,6,4,8,3,1,54,5
Washington,1401,2,22,2,1,3,0,1,0,42,1
Washington,1402,0,22,1,6,2,9,2,0,38,2
Washington,1500,1,18,0,6,2,5,5,1,52,4
Washington,1600,7,55,5,14,7,9,6,0,167,3
Washington,1701,19,107,9,17,10,23,5,5,156,10
Washington,1801,5,46,4,11,8,10,5,0,108,5
Washington,1802,8,87,4,15,2,8,6,4,112,7
Washington,1803,14,89,2,9,4,13,11,1,123,5
Washington,1804,0,9,0,1,0,2,0,0,12,1
Washington,1900,5,57,2,3,6,1,3,2,102,7
Washington,2000,5,33,3,3,6,4,9,4,69,2
Washington,2101,8,82,5,13,6,19,5,4,145,3
Washington,2102,9,67,2,13,5,12,10,2,136,4
Washington,2103,3,39,2,4,1,5,4,1,117,4
Washington,2201,11,51,4,12,6,14,4,4,89,7
Washington,2202,11,72,7,13,4,13,9,3,83,8
Washington,2300,6,55,2,6,9,7,16,4,114,3
Washington,2401,2,12,0,2,3,0,2,0,12,1
Washington,2501,11,45,3,8,4,7,4,1,41,6
Washington,2502,9,77,4,12,5,12,8,3,70,6
Washington,2503,0,8,0,0,0,0,1,0,0,0
Washington,2504,11,63,6,16,8,11,8,4,93,4
Washington,2601,14,77,9,12,8,13,14,5,152,3
Washington,2602,9,56,4,7,3,20,6,5,124,4
Washington,2603,16,68,6,9,4,7,7,2,159,3
Washington,2701,11,70,3,15,3,7,3,2,169,9
Washington,2702,9,95,7,11,10,5,3,2,152,5
Washington,6001,0,0,0,0,0,0,0,0,0,0
Washington,7000,0,0,0,0,0,0,0,0,0,0
Washington,7500,0,0,0,0,0,0,0,0,0,0
Washington,8000,0,0,0,0,0,0,0,0,0,0
Worcester,101,30,186,9,33,15,15,8,5,196,5
Worcester,102,3,18,1,3,3,3,1,1,38,3
Worcester,201,7,37,0,0,2,4,4,0,34,0
Worcester,202,23,99,5,7,8,11,5,5,76,2
Worcester,203,2,9,0,0,1,4,0,1,24,1
Worcester,204,7,25,4,2,1,6,1,2,18,1
Worcester,205,16,72,2,15,9,13,10,2,61,4
Worcester,301,8,56,10,4,6,4,8,11,122,1
Worcester,302,5,33,1,9,3,3,5,3,114,3
Worcester,303,9,23,5,9,2,7,0,5,56,7
Worcester,401,9,55,5,4,10,6,3,5,154,5
Worcester,402,4,22,3,5,1,2,0,1,29,2
Worcester,403,1,8,1,1,0,0,0,0,9,1
Worcester,404,16,37,5,5,6,3,4,10,59,2
Worcester,501,14,53,6,6,2,7,0,6,215,3
Worcester,502,13,72,2,11,4,12,8,4,221,4
Worcester,601,5,58,3,8,4,13,5,4,225,6
Worcester,602,1,8,2,0,3,0,1,0,34,1
Worcester,603,5,44,2,7,4,2,7,5,97,4
Worcester,701,20,92,6,28,15,14,13,9,358,8
Worcester,6001,0,0,0,0,0,0,0,0,0,0
Worcester,7000,0,0,0,0,0,0,0,0,0,0
Worcester,7500,0,0,0,0,0,0,0,0,0,0
Worcester,8000,0,0,0,0,0,0,0,0,0,0